{"sto_3Gs": [-0.6018037107656876], "HFpVDZs": [-0.6121511162813655], "KSpVDZs": [-0.611697413068168], "EGNNpVDZs": [-0.6018234846331522]}