{"fci_energies": [-0.6387775195331382, -0.9431336135050827, -1.0793700508785313, -1.139173293288073, -1.1609046824784681, -1.1627507630227358, -1.1540817061199782, -1.1400734808760387, -1.1237352366098134, -1.1068551925547092, -1.09049386602896, -1.0752705377421004, -1.061534949631615, -1.0494644468996082, -1.0391133471453662, -1.0304388190715406, -1.0233222843637881, -1.0175941140471523, -1.0130594576999712, -1.009520288337966, -1.0067909397876489, -1.004707059644878, -1.0031292512281595], "sto_3Gs": [-0.6018037107656876, -0.9141497046270842, -1.0551597944706248, -1.116286006869541, -1.136189454065923, -1.134147666677096, -1.120560281299987, -1.101150330232618, -1.0791929449690754, -1.0567407463052572, -1.0351862664342544, -1.0154682492882452, -0.9981493534714097, -0.9834727290331724, -0.971426688458341, -0.9618169527925808, -0.9543388539987275, -0.9486411121761849, -0.9443746811197422, -0.941224033693263, -0.9389223859872748, -0.9372549530096294, -0.9360549199556063], "HFpVDZs": [-0.6121511162813632, -0.9148496179290102, -1.0496374554110606, -1.1082774590181217, -1.1291813903720287, -1.1305921930713723, -1.1219205351762045, -1.1083377196064799, -1.0927987480685846, -1.0770034779269522, -1.0619128509368438, -1.0480523399190795, -1.0356886547127422, -1.0249256384183671, -1.0157552631240363, -1.0080905197950902, -1.001793354988886, -0.996699232364568, -0.9926360500737222, -0.9894368691783917, -0.9869477843439938, -0.9850323928865751, -0.9835737280537938], "KSpVDZs": [-0.6116974130681704, -0.9145698679982028, -1.049677737162024, -1.1088013723885124, -1.130374154009229, -1.1326562673217466, -1.1250474592160868, -1.11266504727713, -1.0983846862000506, -1.083832437912636, -1.0699179910707401, -1.057137173892371, -1.0457410955663822, -1.0358269870072436, -1.0273875078911232, -1.0203420224164397, -1.0145617286858621, -1.009891446820937, -1.0061674830217884, -1.0032309186257928, -1.0009363485699367, -0.999156663860693, -0.9977846669393607], "EGNNpVDZs": [-0.6018234846331529, -0.9055833867572862, -1.0407704935756654, -1.1072703004081221, -1.1282609696079176, -1.129190956231159, -1.1197995544902273, -1.1057401471497097, -1.090242327847414, -1.075007595614595, -1.0609026287996524, -1.0482892126255436, -1.0372050736723517, -1.027541749731711, -1.0191847661186988, -1.0120615672781421, -1.0061248131100136, -1.0030842288130928, -0.9993692000275525, -0.9964489883668762, -0.9941776557985984, -0.9924282672942895, -0.9910935636867703], "bond_lengths": [0.30000000000000004, 0.4, 0.5, 0.6000000000000001, 0.7000000000000001, 0.8, 0.9, 1.0, 1.1, 1.2000000000000002, 1.3, 1.4000000000000001, 1.5, 1.6, 1.7000000000000002, 1.8, 1.9000000000000001, 2.0, 2.1, 2.2, 2.3000000000000003, 2.4000000000000004, 2.5]}