{"fci_energies": [-0.6387775195331391, -0.9431336135050818, -1.0793700508785322, -1.1391732932880725, -1.160904682478467, -1.1627507630227374, -1.1540817061199775, -1.140073480876039, -1.123735236609813, -1.1068551925547083, -1.09049386602896, -1.0752705377420986, -1.0615349496316142, -1.0494644468996082, -1.039113347145367, -1.0304388190715397, -1.0233222843637881, -1.0175941140471514, -1.0130594576999716, -1.0095202883379668, -1.0067909397876484, -1.0047070596448775, -1.0031292512281604], "sto_3Gs": [-0.6018037107656877, -0.9141497046270839, -1.055159794470624, -1.116286006869541, -1.1361894540659216, -1.1341476666770962, -1.1205602812999869, -1.101150330232618, -1.0791929449690754, -1.0567407463052567, -1.0351862664342546, -1.015468249288245, -0.9981493534714101, -0.9834727290331724, -0.9714266884583415, -0.9618169527925808, -0.9543388539987272, -0.9486411121761849, -0.9443746811197422, -0.9412240336932627, -0.9389223859872742, -0.9372549530096295, -0.9360549199556065], "HFpVDZs": [-0.6121511162813468, -0.9148496179290042, -1.049637455411058, -1.108277459018113, -1.1291813903720267, -1.130592193071372, -1.1219205351761996, -1.1083377196064808, -1.0927987480685872, -1.0770034779269537, -1.0619128509368383, -1.0480523399190766, -1.0356886547127453, -1.0249256384183698, -1.0157552631240347, -1.00809051979509, -1.001793354988883, -0.9966992323645683, -0.9926360500737199, -0.9894368691783901, -0.986947784343993, -0.9850323928865798, -0.9835737280537951], "KSpVDZs": [-0.6116974130681465, -0.9145698679981968, -1.0496777371620232, -1.1088013723885077, -1.1303741540092263, -1.132656267321747, -1.125047459216081, -1.1126650472771302, -1.0983846862000508, -1.0838324379126356, -1.0699179910707326, -1.0571371738923712, -1.045741095566386, -1.0358269870072456, -1.0273875078911239, -1.0203420224164397, -1.0145617286858584, -1.0098914468209395, -1.0061674830217853, -1.0032309186257913, -1.0009363485699363, -0.9991566638607017, -0.997784666939362], "bond_lengths": [0.30000000000000004, 0.4, 0.5, 0.6000000000000001, 0.7000000000000001, 0.8, 0.9, 1.0, 1.1, 1.2000000000000002, 1.3, 1.4000000000000001, 1.5, 1.6, 1.7000000000000002, 1.8, 1.9000000000000001, 2.0, 2.1, 2.2, 2.3000000000000003, 2.4000000000000004, 2.5], "QOs": [-0.6188633519785793, -0.9211793277647055, -1.0553183514008038, -1.112993649624431, -1.132536977530439, -1.1320824510890461, -1.1209287153421712, -1.1037478313711342, -1.0846142085965857, -1.0644148278544605, -1.0440916354801415, -1.0241785948447457, -1.0049795834398672, -1.0105283105802374, -0.9990791434281158, -0.9907206750961312, -0.9855633818702241, -0.9831885030844589, -0.9827202058235083, -0.983201383639692, -0.983942709954177, -0.984601869725474, -0.9850758665443158]}