{"fci_energies": [-0.6387775195331373, -0.9431336135050823, -1.0793700508785313, -1.139173293288072, -1.1609046824784677, -1.1627507630227374, -1.1540817061199775, -1.140073480876039, -1.123735236609813, -1.1068551925547074, -1.09049386602896, -1.0752705377420977, -1.0615349496316142, -1.0494644468996082, -1.039113347145368, -1.0304388190715401, -1.0233222843637872, -1.0175941140471523, -1.0130594576999712, -1.0095202883379664, -1.0067909397876476, -1.004707059644877, -1.00312925122816], "sto_3Gs": [-0.6022707307939347, -0.9241032450462484, -1.059461121739845, -1.116764000204812, -1.1352490925964203, -1.1270052410377511, -1.1043012011144084, -1.0779160843270643, -1.0563530421246938, -0.7207575448859659, -0.995245080662961, -0.9602785616757279, -0.9326794685200578, -0.7718529365931343, -0.7865993331013214, -0.8493095498890391, -0.758265093213296, -0.7678347042986096, -0.7522210914400964, -0.768752214308859, -0.7510749643412258, -0.7529651764300839, -0.7457425991089406], "HFpVDZs": [-0.6130732479102675, -0.9151383358896262, -1.0511855909905767, -1.108907425361785, -1.1301821760950848, -1.1327404571725948, -1.1236415181886636, -1.1061684261906053, -1.0893076843797795, -1.064270582660922, -1.0493257463113048, -1.0315686575209233, -0.9349501490775, -0.9315613617375995, -0.8920497960585557, -0.9149502667968512, -0.9179927730300496, -0.9002794281274501, -0.896977478773814, -0.893217336418571, -0.898899354146466, -0.8946151263230612, -0.9045514680327796], "KSpVDZs": [-0.6120079410701935, -0.4756389319424729, -1.0505155305175702, -1.109883954273573, -1.1305067885910283, -1.1276093197048291, -1.1225379694061755, -0.9185317776264379, -1.0915320909424508, -1.0710137118149112, -1.0504971952494864, -0.9100874318640336, -1.0159273989642146, -0.9164417938725894, -0.9184361205065061, -0.9167370876172007, -0.9022055805798095, -0.9212375388445019, -0.9033201215965871, -0.8889282779627361, -0.9107736914768596, -0.8996150380087148, -0.8926742672725498], "EGNNpVDZs": [-0.6025758632239803, -0.9062317376243698, -1.0412381279923877, -1.108398432472001, -1.1277787210494858, -1.128312359609455, -1.1181176837425002, -0.9034422025668251, -1.0824373715347466, -1.0679179225536004, -1.0482511019670102, -1.0296174892859247, -0.9038491871952392, -0.9121850848064019, -0.935577593504832, -0.91532488748457, -0.9465721899144522, -0.9131446783182713, -0.909728334616997, -0.8987085799721591, -0.9083393849216813, -0.8862592598950669, -0.8973795420310405], "bond_lengths": [0.30000000000000004, 0.4, 0.5, 0.6000000000000001, 0.7000000000000001, 0.8, 0.9, 1.0, 1.1, 1.2000000000000002, 1.3, 1.4000000000000001, 1.5, 1.6, 1.7000000000000002, 1.8, 1.9000000000000001, 2.0, 2.1, 2.2, 2.3000000000000003, 2.4000000000000004, 2.5]}