{"bond_lengths": [0.30000000000000004, 0.4, 0.5, 0.6000000000000001, 0.7000000000000001, 0.8, 0.9, 1.0, 1.1, 1.2000000000000002, 1.3, 1.4000000000000001, 1.5, 1.6, 1.7000000000000002, 1.8, 1.9000000000000001, 2.0, 2.1, 2.2, 2.3000000000000003, 2.4000000000000004, 2.5], "sto-3Gs": [4.124572023181729, 3.301583196631722, 2.7038019105048012, 2.2525130988901156, 1.9900971937140977, 1.9705380233101992, 1.939504581308699, 1.9026358560394514, 1.8630868794954663, 1.8227886634891344, 1.7830393814815193, 1.744735900741743, 1.7084715627871563, 1.674602993090152, 1.643309781056447, 1.6146447680248655, 1.5913249451741571, 1.5915997778865356, 1.5906722289242203, 1.5889132698126411, 1.5866005211889662, 1.5839392213427637, 1.5810791143833764], "HFpVDZs": [1.9243075045992006, 1.5026035029481497, 1.623164586844421, 1.6699458760606476, 1.6819459227521125, 1.6826734830872478, 1.707109029175933, 1.7274186498938564, 1.7444831266846346, 1.758557060136546, 1.769806461769339, 1.7784718463583815, 1.784861935875406, 1.789305845592353, 1.792118387823311, 1.7935877521415577, 1.793974579941502, 1.7935115792057452, 1.792400991164021, 1.7908125005213604, 1.7888838363473187, 1.7867239893925964, 1.7844176874267017], "KSpVDZs": [1.9192095268744767, 1.5091810507187589, 1.6336228865949876, 1.685339479640151, 1.7027599336944017, 1.716064439656799, 1.7409037581264828, 1.7601002562821864, 1.774948543878027, 1.7862277062372989, 1.7945440721337729, 1.8004213193689946, 1.8043145507040979, 1.80661116762654, 1.807635147373823, 1.8076556631617315, 1.806896562297844, 1.8055437856882703, 1.8037504551983201, 1.8016408836605147, 1.799314541348752, 1.796850075541725, 1.7943089860818369], "EGNNpVDZs": [1.930457605958245, 1.4941416815931625, 1.6127415071227136, 1.669675741990058, 1.6793397583715413, 1.672849784976892, 1.6836248361558652, 1.7070623032768564, 1.72916135561645, 1.7493320629286127, 1.766500847796008, 1.7798324882741108, 1.7891771228857811, 1.7950611876200975, 1.7983182220341123, 1.7997321587968709, 1.7999003591031986, 1.8010238093592286, 1.799722198324115, 1.7979848922940191, 1.7959393457492974, 1.7936871670729284, 1.7913077746536137], "fci_energies": [144.10713762161117, 142.74197450813514, 138.40536271036402, 136.33588316566247, 132.05428120711468, 129.93765497925392, 126.97740127376034, 123.97430070407339, 122.71716875621351, 121.16225872653332, 118.58368149662775, 119.51126065619526, 116.20696565732516, 113.06910644811543, 112.05777127303698, 110.63940451181816, 109.032757430236, 109.0252711194851, 111.68299855205235, 110.38589097790702, 108.7711111004049, 109.28215753501352, 105.24145416236291]}