{"nbasis": [2, 3, 4, 5], "opt": [-1.146874333869507, -1.1526506603853612, -1.1529788325525832, -1.1577268278944464]}