{"bond_lengths": [0.30000000000000004, 0.4, 0.5, 0.6000000000000001, 0.7000000000000001, 0.8, 0.9, 1.0, 1.1, 1.2000000000000002, 1.3, 1.4000000000000001, 1.5, 1.6, 1.7000000000000002, 1.8, 1.9000000000000001, 2.0, 2.1, 2.2, 2.3000000000000003, 2.4000000000000004, 2.5], "HFpVDZs": [-0.6188633519785858, -0.9211793277647033, -1.0553183514008075, -1.1129936496244333, -1.1325369775304401, -1.1320824510890484, -1.1209287153421712, -1.103747831371133, -1.084614208596585, -1.064414827854461, -1.0440916354801408, -1.0241785948447455, -1.0049795834398685, -1.0105283105802372, -0.9990791434281157, -0.9907206750961314, -0.9855633818702236, -0.9831885030844589, -0.982720205823508, -0.983201383639692, -0.9839427099541769, -0.9846018697254747, -0.9850758665443158], "KSpVDZs": [-0.618113412996238, -0.9204404030179951, -1.054641315929911, -1.1123990682633549, -1.1320152359468372, -1.1316021918349155, -1.1204466977820193, -1.1037166817331494, -1.0845352136882218, -1.0642484141899697, -1.043797390452708, -1.023715564182809, -1.0043068901558954, -1.011752416734839, -1.0008144572548991, -0.9931796977366735, -0.9889499140189681, -0.9876256277911386, -0.9882065164844085, -0.9896306451691392, -0.9911594598777018, -0.9924472910090044, -0.9934091393387869], "EGNNpVDZs": [-0.6089816740674718, -0.9124670207811025, -1.047205472542023, -1.1124013397557944, -1.1321791389878824, -1.1314858746646497, -1.1198810534964585, -1.102552541876825, -1.0834727862179852, -1.0634377495206648, -1.0432726330738178, -1.0234772612586882, -1.004365003845412, -1.0112365558222434, -0.9999824596023765, -0.9918923532320604, -0.9870729861909451, -0.9856847864992144, -0.9858081678221424, -0.9868067565687197, -0.9879693320146521, -0.9889570760267409, -0.9896812060437519]}