{
    "opt_E": -0.9414314106495342,
    "HF_E": -2.168481086009228,
    "B3LYP_E": -2.1719868645641895,
    "sto-3G_E": -2.151570282264177
}