{
    "opt_E": -2.207377122051526,
    "HF_E": -2.1780133389473266,
    "B3LYP_E": -2.1792949143395366,
    "sto-3G_E": -2.1717107837582206
}