{
    "opt_E": -2.203941924850543,
    "HF_E": -2.1729555029505394,
    "B3LYP_E": -2.1749313643893786,
    "sto-3G_E": -2.158531497566367
}