{
    "opt_E": -2.203941924850543,
    "HF_E": -2.172955502950533,
    "B3LYP_E": -2.174931364389375,
    "sto-3G_E": -2.1585314975663725
}