{"bond_lengths": [0.30000000000000004, 0.4, 0.5, 0.6000000000000001, 0.7000000000000001, 0.8, 0.9, 1.0, 1.1, 1.2000000000000002, 1.3, 1.4000000000000001, 1.5, 1.6, 1.7000000000000002, 1.8, 1.9000000000000001, 2.0, 2.1, 2.2, 2.3000000000000003, 2.4000000000000004, 2.5], "HFopt": [-0.62004818386365, -0.9239104378836784, -1.0600260833961366, -1.1201044306819066, -1.1424794161556535, -1.1452744181626184, -1.1377662584088497, -1.1250302190464594, -1.1099827945052745, -1.0943263181775005, -1.0790563781710034, -1.0647430995069649, -1.051695605792327, -1.0400632970842056, -1.0298880895752531, -1.0211308017641332, -1.0137012138569634, -1.0074761053921182, -1.0023125146441487, -0.9980672070135015, -0.9945997072210093, -0.9917834953303543, -0.9895069149581752], "B3LYPopt": [-0.6199240444565441, -0.9238301920178111, -1.060016240484355, -1.120176925771995, -1.1426402875177544, -1.1455313257930968, -1.1381386951243833, -1.125554906267479, -1.110707313456065, -1.0953156317025479, -1.080382990080071, -1.0664809294666444, -1.0539201101285753, -1.042839253803549, -1.0332636176107797, -1.0251344983421369, -1.0183389974387798, -1.0127319054298074, -1.0081482207522823, -1.0044255740511465, -1.0014131800090285, -0.9989811821836462, -0.9970098349756031]}