{"bond_lengths": [0.30000000000000004, 0.4, 0.5, 0.6000000000000001, 0.7000000000000001, 0.8, 0.9, 1.0, 1.1, 1.2000000000000002, 1.3, 1.4000000000000001, 1.5, 1.6, 1.7000000000000002, 1.8, 1.9000000000000001, 2.0, 2.1, 2.2, 2.3000000000000003, 2.4000000000000004, 2.5], "opt": [-0.6200481838636474, -0.923910510981591, -1.0600260833961348, -1.1201044306819061, -1.1424795862083243, -1.145274418162619, -1.1377653103485212, -1.1250300505248938, -1.1099829790717237, -1.0943257019988828, -1.0790569390209273, -1.064743099506965, -1.051695605792327, -1.0400647679382953, -1.0298880895752553, -1.021130829321733, -1.0137018857731477, -1.0074767593420055, -1.0023125146441483, -0.9980672070135028, -0.9945997072210098, -0.9917838681379626, -0.9895069149581757]}