{"bond_lengths": [0.30000000000000004, 0.4, 0.5, 0.6000000000000001, 0.7000000000000001, 0.8, 0.9, 1.0, 1.1, 1.2000000000000002, 1.3, 1.4000000000000001, 1.5, 1.6, 1.7000000000000002, 1.8, 1.9000000000000001, 2.0, 2.1, 2.2, 2.3000000000000003, 2.4000000000000004, 2.5], "opt": [-0.620856958474379, -0.9248685276605366, -1.0611492735097936, -1.1214089695720308, -1.1439774306061534, -1.146973861264518, -1.139684316875498, -1.1271993993315075, -1.1124493932572987, -1.0971556993748812, -1.0823271312756915, -1.0685442295517285, -1.0561253825655705, -1.0452207697738884, -1.035864468427972, -1.02800599793721, -1.021534262883051, -1.0162992942003124, -1.0121321088315296, -1.008861236093907, -1.0063248251864325, -1.004378174092883, -1.0028972378594632]}