{"bond_lengths": [0.30000000000000004, 0.4, 0.5, 0.6000000000000001, 0.7000000000000001, 0.8, 0.9, 1.0, 1.1, 1.2000000000000002, 1.3, 1.4000000000000001, 1.5, 1.6, 1.7000000000000002, 1.8, 1.9000000000000001, 2.0, 2.1, 2.2, 2.3000000000000003, 2.4000000000000004, 2.5], "opt": [-0.6200481838636474, -0.923910510981591, -1.0600260833961348, -1.1201044306819061, -1.1424795862083243, -1.145274418162619, -1.1377653103485212, -1.1250300505248938, -1.1099829790717237, -1.0943257019988828, -1.0790569390209273, -1.064743099506965, -1.051695605792327, -1.0400647679382953, -1.0298880895752553, -1.021130829321733, -1.0137018857731477, -1.0074767593420055, -1.0023125146441483, -0.9980672070135028, -0.9945997072210098, -0.9917838681379626, -0.9895069149581757], "B3LYPopt": [-0.6199240903961607, -0.9238301920178147, -1.0600163403224154, -1.1201770259846882, -1.1426402875177522, -1.1455313257930964, -1.1381386951243833, -1.1255544154478287, -1.1107073134560652, -1.095315606211589, -1.080382990080071, -1.066480977307858, -1.0539213788635269, -1.0428392538035494, -1.0332636176107801, -1.0251344983421373, -1.018338997438778, -1.012731905429834, -1.0081482207522916, -1.004425574051157, -1.001413180009095, -0.9989815451847855, -0.9970098349754608]}