{"description": "downfolded by HF:6-31G->6-31G", "Ham_const": 0.7151043390810812, "int_1bd": [[-1.2460423474348075, -7.771561172376096e-16, 0.16725594024492688, 1.4988010832439613e-15], [-9.992007221626409e-16, -0.5489629965700296, 6.661338147750939e-16, -0.20735558051185565], [0.16725594024492682, 4.440892098500626e-16, -0.17985575730548015, -8.881784197001252e-16], [1.3322676295501878e-15, -0.20735558051185565, -8.881784197001252e-16, 0.2153349279894199]], "int_2bd": [[[[0.6502250385915561, 1.2663481374630692e-16, -0.16725591687683633, -4.0419056990259605e-16], [1.231653667943533e-16, 0.4337148096886403, -5.620504062164855e-16, 0.14335084430005615], [-0.16725591687683652, -5.689893001203927e-16, 0.5319758761337584, 3.608224830031759e-16], [-3.400058012914542e-16, 0.14335084430005618, 3.469446951953614e-16, 0.6633892913822421]], [[-5.724587470723463e-17, 0.07999381234626886, -5.759281940243e-16, 0.07934608651561548], [0.07999381234626911, 4.440892098500626e-16, 0.01937731759700434, 0.0], [-7.424616477180734e-16, 0.019377317597004312, 4.996003610813204e-16, -0.08312050011145855], [0.07934608651561535, 4.440892098500626e-16, -0.08312050011145844, -3.885780586188048e-16]], [[-0.16725591687683647, -5.204170427930421e-16, 0.10937300533749783, -4.163336342344337e-17], [-6.314393452555578e-16, -0.04998350543655514, 2.7755575615628914e-16, -0.07324838908862868], [0.10937300533749782, 2.7755575615628914e-16, -0.11984368378898624, 7.077671781985373e-16], [-1.700029006457271e-16, -0.07324838908862853, 6.106226635438361e-16, -0.2016521822194052]], [[-3.191891195797325e-16, 0.07934608651561524, -3.122502256758253e-17, 0.13770148268605456], [0.07934608651561531, 4.440892098500626e-16, -0.021679219753794943, -1.1102230246251565e-16], [-1.700029006457271e-16, -0.021679219753794582, 4.996003610813204e-16, -0.1230634787847569], [0.13770148268605487, -2.220446049250313e-16, -0.12306347878475674, -1.3877787807814457e-15]]], [[[-1.734723475976807e-18, 0.07999381234626897, -7.147060721024445e-16, 0.0793460865156155], [0.07999381234626911, 0.0, 0.019377317597004395, 2.7755575615628914e-16], [-6.591949208711867e-16, 0.019377317597004368, 2.220446049250313e-16, -0.08312050011145855], [0.07934608651561535, 4.440892098500626e-16, -0.08312050011145827, 6.106226635438361e-16]], [[0.43371480968864157, 0.0, -0.04998350543655569, 3.885780586188048e-16], [1.1102230246251565e-15, 0.38578313935246644, 1.1102230246251565e-15, 0.054731416108034114], [-0.04998350543655508, -4.440892098500626e-16, 0.38128706818835734, 0.0], [1.1102230246251565e-16, 0.054731416108034114, 2.220446049250313e-16, 0.4424236529683443]], [[-5.204170427930421e-16, 0.0193773175970042, 1.1102230246251565e-16, -0.021679219753794915], [0.01937731759700409, 0.0, 0.03595514350534612, 0.0], [9.71445146547012e-17, 0.0359551435053459, -2.220446049250313e-16, 0.002566779429873489], [-0.021679219753795137, -2.220446049250313e-16, 0.002566779429872379, -8.881784197001252e-16]], [[0.14335084430005662, 3.3306690738754696e-16, -0.07324838908862863, -2.220446049250313e-16], [1.1102230246251565e-15, 0.05473141610803456, 4.440892098500626e-16, 0.06748072442327091], [-0.07324838908862871, 6.661338147750939e-16, 0.09829498738528558, -4.440892098500626e-16], [3.3306690738754696e-16, 0.06748072442326913, -1.2212453270876722e-15, 0.1677361096003933]]], [[[-0.16725591687683636, -5.48172618408671e-16, 0.1093730053374978, -8.326672684688674e-17], [-5.759281940243e-16, -0.04998350543655497, 3.0531133177191805e-16, -0.07324838908862868], [0.1093730053374979, 2.498001805406602e-16, -0.11984368378898652, 7.077671781985373e-16], [-1.1449174941446927e-16, -0.07324838908862853, 5.551115123125783e-16, -0.2016521822194052]], [[2.5673907444456745e-16, 0.019377317597004312, 2.220446049250313e-16, -0.02167921975379497], [0.019377317597004312, -4.440892098500626e-16, 0.03595514350534612, -2.220446049250313e-16], [9.71445146547012e-17, 0.03595514350534623, -5.551115123125783e-16, 0.002566779429873711], [-0.021679219753795137, -2.220446049250313e-16, 0.002566779429872601, -1.1102230246251565e-15]], [[0.5319758761337586, 5.828670879282072e-16, -0.11984368378898695, 6.106226635438361e-16], [6.800116025829084e-16, 0.38128706818835856, -6.106226635438361e-16, 0.09829498738528625], [-0.11984368378898717, -6.661338147750939e-16, 0.46362688036300925, -5.828670879282072e-16], [1.124100812432971e-15, 0.09829498738528569, -4.718447854656915e-16, 0.5523205217094398]], [[4.40619762898109e-16, -0.08312050011145851, 6.661338147750939e-16, -0.12306347878475707], [-0.08312050011145908, 2.220446049250313e-16, 0.002566779429872934, -3.3306690738754696e-16], [5.689893001203927e-16, 0.0025667794298727675, -5.273559366969494e-16, 0.1273382732850019], [-0.12306347878475618, -7.771561172376096e-16, 0.12733827328500258, 1.6653345369377348e-15]]], [[[-6.522560269672795e-16, 0.07934608651561532, -9.367506770274758e-17, 0.1377014826860546], [0.07934608651561537, -1.1102230246251565e-16, -0.02167921975379483, 0.0], [-8.673617379884035e-17, -0.02167921975379461, 3.885780586188048e-16, -0.12306347878475685], [0.13770148268605475, 0.0, -0.12306347878475674, -1.1657341758564144e-15]], [[0.14335084430005574, 3.3306690738754696e-16, -0.07324838908862857, 0.0], [6.661338147750939e-16, 0.054731416108036335, 0.0, 0.06748072442327047], [-0.07324838908862882, 2.220446049250313e-16, 0.09829498738528647, -4.440892098500626e-16], [-1.1102230246251565e-16, 0.06748072442326913, -1.2212453270876722e-15, 0.1677361096003942]], [[7.73686670285656e-16, -0.08312050011145843, 6.661338147750939e-16, -0.12306347878475679], [-0.08312050011145852, 2.220446049250313e-16, 0.002566779429872934, -1.1102230246251565e-16], [4.579669976578771e-16, 0.0025667794298727675, -4.163336342344337e-16, 0.1273382732850019], [-0.12306347878475607, -1.2212453270876722e-15, 0.12733827328500247, 1.2212453270876722e-15]], [[0.6633892913822429, 1.6653345369377348e-16, -0.201652182219405, -1.27675647831893e-15], [2.7755575615628914e-16, 0.4424236529683445, -6.661338147750939e-16, 0.16773610960039065], [-0.2016521822194044, 1.1102230246251565e-16, 0.5523205217094389, 1.5543122344752192e-15], [-1.887379141862766e-15, 0.16773610960039065, 9.992007221626409e-16, 0.7408119347527439]]]], "nele": [1, 1]}