{"fci_energies": [-0.6387775195331373, -0.9431336135050827, -1.0793700508785322, -1.139173293288072, -1.1609046824784668, -1.1627507630227363, -1.1540817061199784, -1.1400734808760387, -1.1237352366098134, -1.1068551925547074, -1.09049386602896, -1.0752705377420977, -1.0615349496316142, -1.0494644468996082, -1.039113347145367, -1.0304388190715392, -1.0233222843637872, -1.0175941140471523, -1.013059457699972, -1.009520288337966, -1.006790939787648, -1.0047070596448766, -1.00312925122816], "sto_3Gs": [-0.6018037107656881, -0.914149704627085, -1.0551597944706257, -1.1162860068695426, -1.1361894540659239, -1.1341476666770969, -1.1205602812999877, -1.1011503302326195, -1.079192944969076, -1.0567407463052583, -1.0351862664342553, -1.015468249288246, -0.9981493534714105, -0.9834727290331735, -0.9714266884583422, -0.9618169527925813, -0.9543388539987282, -0.9486411121761853, -0.9443746811197438, -0.9412240336932638, -0.9389223859872755, -0.9372549530096299, -0.936054919955607], "HFpVDZs": [-0.6121511162813361, -0.9148496179290148, -1.0496374554110621, -1.1082774590181217, -1.1291813903720298, -1.1305921930713745, -1.1219205351762052, -1.1083377196064819, -1.092798748068587, -1.0770034779269528, -1.0619128509368434, -1.0480523399190778, -1.0356886547127426, -1.024925638418369, -1.015755263124036, -1.00809051979509, -1.0017933549888853, -0.9966992323645694, -0.9926360500737226, -0.9894368691783927, -0.9869477843439942, -0.9850323928865748, -0.9835737280537948], "KSpVDZs": [-0.6116974130681386, -0.9145698679982073, -1.0496777371620236, -1.1088013723885126, -1.1303741540092291, -1.132656267321751, -1.125047459216087, -1.1126650472771313, -1.0983846862000517, -1.0838324379126374, -1.0699179910707401, -1.0571371738923712, -1.0457410955663826, -1.0358269870072463, -1.0273875078911265, -1.0203420224164412, -1.0145617286858613, -1.009891446820939, -1.0061674830217877, -1.0032309186257924, -1.0009363485699372, -0.9991566638606959, -0.9977846669393631], "EGNNpVDZs": [-0.6018234827848292, -0.905583384426258, -1.040770490864708, -1.1072703015719134, -1.128260969210631, -1.1291909569619192, -1.1197995557122435, -1.105740148624798, -1.0902423277564872, -1.0750075954293878, -1.0609026285386345, -1.0482892128243817, -1.0372050730799336, -1.027541749192042, -1.0191847645405356, -1.0120615650629579, -1.0061248119623643, -1.0030842298440013, -0.9993692011119266, -0.9964489894911022, -0.9941776569515766, -0.9924282684673602, -0.991093564873469], "bond_lengths": [0.30000000000000004, 0.4, 0.5, 0.6000000000000001, 0.7000000000000001, 0.8, 0.9, 1.0, 1.1, 1.2000000000000002, 1.3, 1.4000000000000001, 1.5, 1.6, 1.7000000000000002, 1.8, 1.9000000000000001, 2.0, 2.1, 2.2, 2.3000000000000003, 2.4000000000000004, 2.5]}