{"bond_lengths": [0.30000000000000004, 0.4, 0.5, 0.6000000000000001, 0.7000000000000001, 0.8, 0.9, 1.0, 1.1, 1.2000000000000002, 1.3, 1.4000000000000001, 1.5, 1.6, 1.7000000000000002, 1.8, 1.9000000000000001, 2.0, 2.1, 2.2, 2.3000000000000003, 2.4000000000000004, 2.5], "HFccpVDZs": [-0.6018037107656882, -0.9141497046270843, -1.055159794470624, -1.1162860068695406, -1.1361894540659214, -1.134147666677096, -1.1293583284934592, -1.1707879726698098, -1.1970728985844339, -1.2126180413275724, -1.2204062159340867, -1.2225779341293381, -1.2207330009532322, -1.2160842130750016, -1.2095477691580006, -1.2018081913673573, -1.193370110907827, -1.184600102450661, -1.1757598220451677, -1.1670317656842981, -1.1585391100960971, -1.1503609717467909, -1.1425441443160973], "sto-3Gs": [-0.6018037107656877, -0.9141497046270839, -1.0551597944706241, -1.1162860068695408, -1.136189454065921, -1.1341476666770958, -1.1205602812999869, -1.101150330232618, -1.079192944969075, -1.0567407463052567, -1.0351862664342546, -1.0154682492882448, -0.9981493534714099, -0.9834727290331725, -0.9714266884583416, -0.9618169527925808, -0.9543388539987272, -0.9486411121761849, -0.9443746811197422, -0.9412240336932627, -0.9389223859872742, -0.9372549530096295, -0.9360549199556063], "HFpVDZs": [-0.6121511162813488, -0.9148496179290035, -1.0496374554110623, -1.1082774590181157, -1.1291813903720238, -1.1305921930713723, -1.1219205351762, -1.1083377196064805, -1.092798748068585, -1.077003477926953, -1.0619128509368376, -1.0480523399190782, -1.0356886547127448, -1.0249256384183694, -1.015755263124035, -1.0080905197950876, -1.0017933549888833, -0.9966992323645696, -0.9926360500737206, -0.989436869178391, -0.9869477843439934, -0.9850323928865792, -0.983573728053795], "KSpVDZs": [-0.6122259738634206, -0.9150494130221791, -1.0500318820146233, -1.1089603369805805, -1.1302914416525986, -1.1323231828281055, -1.124499765611036, -1.1119757417037963, -1.097643820750301, -1.0831258508472386, -1.0693149080324624, -1.056687147526944, -1.0454757598401354, -1.0357627358415387, -1.0275276696664168, -1.0206788378585538, -1.015078757435638, -1.0105665541234399, -1.0069758894897198, -1.0041477398926368, -1.0019383774465274, -1.0002234015168503, -0.9988987672763969], "fci_energies": [-0.6379902903226984, -0.9429182029285337, -1.0792191900220838, -1.139199690487715, -1.1927371092781298, -1.2448775950234146, -1.2790392262355919, -1.3003112138652693, -1.3118994735051488, -1.3163243895452974, -1.315389143529587, -1.310155126653277, -1.3025697565553649, -1.2931655871876966, -1.28313708039569, -1.2722593956904236, -1.2615415868532385, -1.2512229248097044, -1.2414006580898835, -1.2320911293818562, -1.2232986962730765, -1.2149788531047108, -1.207104774263722]}