{"bond_lengths": [0.30000000000000004, 0.4, 0.5, 0.6000000000000001, 0.7000000000000001, 0.8, 0.9, 1.0, 1.1, 1.2000000000000002, 1.3, 1.4000000000000001, 1.5, 1.6, 1.7000000000000002, 1.8, 1.9000000000000001, 2.0, 2.1, 2.2, 2.3000000000000003, 2.4000000000000004, 2.5], "HFccpVDZs": [-0.6018037107656882, -0.9141497046270843, -1.055159794470624, -1.1162860068695406, -1.1361894540659214, -1.134147666677096, -1.1293583284934592, -1.1707879726698098, -1.1970728985844339, -1.2126180413275724, -1.2204062159340867, -1.2225779341293381, -1.2207330009532322, -1.2160842130750016, -1.2095477691580006, -1.2018081913673573, -1.193370110907827, -1.184600102450661, -1.1757598220451677, -1.1670317656842981, -1.1585391100960971, -1.1503609717467909, -1.1425441443160973], "sto-3Gs": [-0.6018037107656877, -0.9141497046270837, -1.055159794470624, -1.116286006869541, -1.1361894540659216, -1.1341476666770962, -1.1205602812999869, -1.101150330232618, -1.0791929449690754, -1.0567407463052567, -1.0351862664342546, -1.015468249288245, -0.9981493534714101, -0.9834727290331724, -0.9714266884583415, -0.9618169527925808, -0.9543388539987272, -0.9486411121761849, -0.9443746811197422, -0.9412240336932625, -0.9389223859872742, -0.9372549530096295, -0.9360549199556065], "HFpVDZs": [-0.6121511162813479, -0.9148496179290011, -1.0496374554110581, -1.1082774590181161, -1.1291813903720245, -1.13059219307137, -1.121920535176201, -1.1083377196064794, -1.0927987480685863, -1.0770034779269522, -1.0619128509368383, -1.0480523399190775, -1.0356886547127437, -1.0249256384183703, -1.015755263124035, -1.0080905197950902, -1.001793354988884, -0.9966992323645684, -0.9926360500737197, -0.9894368691783919, -0.9869477843439937, -0.9850323928865796, -0.9835737280537953], "KSpVDZs": [-0.612225973863417, -0.9150494130221827, -1.050031882014624, -1.10896033698058, -1.1302914416525986, -1.1323231828281055, -1.124499765611037, -1.111975741703798, -1.0976438207503023, -1.083125850847239, -1.0693149080324627, -1.0566871475269457, -1.0454757598401354, -1.0357627358415384, -1.0275276696664153, -1.0206788378585532, -1.015078757435638, -1.010566554123443, -1.00697588948972, -1.0041477398926375, -1.001938377446526, -1.00022340151685, -0.9988987672763949], "fci_energies": [-0.6379902903226984, -0.9429182029285337, -1.0792191900220838, -1.139199690487715, -1.1927371092781298, -1.2448775950234146, -1.2790392262355919, -1.3003112138652693, -1.3118994735051488, -1.3163243895452974, -1.315389143529587, -1.310155126653277, -1.3025697565553649, -1.2931655871876966, -1.28313708039569, -1.2722593956904236, -1.2615415868532385, -1.2512229248097044, -1.2414006580898835, -1.2320911293818562, -1.2232986962730765, -1.2149788531047108, -1.207104774263722]}