{"bond_lengths": [0.30000000000000004, 0.4, 0.5, 0.6000000000000001, 0.7000000000000001, 0.8, 0.9, 1.0, 1.1, 1.2000000000000002, 1.3, 1.4000000000000001, 1.5, 1.6, 1.7000000000000002, 1.8, 1.9000000000000001, 2.0, 2.1, 2.2, 2.3000000000000003, 2.4000000000000004, 2.5], "sto-3Gs": [-0.6018037107656882, -0.9141497046270857, -1.0551597944706257, -1.1162860068695406, -1.136189454065922, -1.1341476666770964, -1.1205602812999873, -1.1011503302326187, -1.0791929449690751, -1.0567407463052567, -1.0351862664342542, -1.015468249288245, -0.9981493534714099, -0.9834727290331731, -0.9714266884583413, -0.9618169527925805, -0.954338853998727, -0.9486411121761846, -0.9443746811197418, -0.941224033693262, -0.9389223859872742, -0.9372549530096291, -0.9360549199556059], "HFpVDZs": [-0.6121511162813469, -0.9148496179290033, -1.0496374554110564, -1.1082774590181144, -1.1291813903720263, -1.1305921930713718, -1.1219205351762016, -1.1083377196064803, -1.0927987480685855, -1.0770034779269528, -1.0619128509368387, -1.0480523399190782, -1.0356886547127448, -1.0249256384183703, -1.0157552631240356, -1.0080905197950902, -1.0017933549888849, -0.99669923236457, -0.9926360500737201, -0.9894368691783912, -0.9869477843439931, -0.9850323928865795, -0.9835737280537953], "KSpVDZs": [-0.611697413068147, -0.9145698679981988, -1.049677737162021, -1.1088013723885086, -1.1303741540092251, -1.1326562673217482, -1.1250474592160835, -1.112665047277131, -1.0983846862000501, -1.0838324379126354, -1.0699179910707355, -1.0571371738923703, -1.0457410955663842, -1.0358269870072458, -1.0273875078911252, -1.0203420224164397, -1.01456172868586, -1.0098914468209375, -1.0061674830217844, -1.0032309186257915, -1.000936348569937, -0.9991566638607007, -0.9977846669393622], "fci_energies": [-0.63877751953314, -0.9431336135050756, -1.0793700508785162, -1.1391732932880796, -1.1609046824784657, -1.162750763022734, -1.1540817061199704, -1.140073480876035, -1.123735236609815, -1.106855192554711, -1.09049386602896, -1.0752705377421004, -1.0615349496316133, -1.049464446899609, -1.0391133471453662, -1.0304388190715428, -1.0233222843637877, -1.017594114047154, -1.0130594576999703, -1.009520288337966, -1.006790939787651, -1.0047070596448775, -1.0031292512281582], "EGNNpVDZs": [-0.6018234846331276, -0.9055833867572822, -1.0407704935756559, -1.1072703004081186, -1.1282609696079153, -1.1291909562311582, -1.1197995544902213, -1.1057401471497097, -1.0902423278474123, -1.075007595614596, -1.0609026287996461, -1.048289212625544, -1.0372050736723546, -1.027541749731715, -1.0191847661186988, -1.0120615672781414, -1.0061248131100118, -1.003084228813094, -0.99936920002755, -0.9964489883668748, -0.9941776557985986, -0.9924282672942951, -0.9910935636867717]}